{"cameraMode":{"drawMode":0,"name":"Shaded","section":"Shading Mode"},"sceneLighting":true,"audioPlay":false,"sceneViewState":{"showFog":true,"showMaterialUpdate":false,"showSkybox":true,"showFlares":true,"showImageEffects":true,"showParticleSystems":true},"in2DMode":false,"pivot":{"x":14.026779174804688,"y":-7.1838274002075199,"z":0.49444881081581118},"rotation":{"x":-0.1753065139055252,"y":-0.6716155409812927,"z":0.1682014763355255,"w":-0.6999790668487549},"size":27.632646560668947,"orthographic":false}