{"cameraMode":{"drawMode":0,"name":"Shaded","section":"Shading Mode"},"sceneLighting":true,"audioPlay":false,"sceneViewState":{"showFog":true,"showMaterialUpdate":false,"showSkybox":true,"showFlares":true,"showImageEffects":true,"showParticleSystems":true},"in2DMode":false,"pivot":{"x":1.3414087295532227,"y":2.288418769836426,"z":-4.883836269378662},"rotation":{"x":-0.1830533742904663,"y":0.15034562349319459,"z":-0.02835548296570778,"w":-0.9711423516273499},"size":11.972187995910645,"orthographic":false}